original_index,true_label,predicted_label,confidence,Time_spent_Alone,Stage_fear,Social_event_attendance,Going_outside,Drained_after_socializing,Friends_circle_size,Post_frequency
63,Extrovert,Introvert,0.8210042,8.0,1.0,4.0,2.0,1.0,0.0080086713074706,0.0
102,Extrovert,Introvert,0.9012225,6.0,1.0,2.0,0.0,1.0,2.0,0.0
124,Introvert,Extrovert,0.8900604,4.0,0.0,7.0,6.0,0.0,11.0,3.0
139,Extrovert,Introvert,0.81846356,11.0,1.0,2.0,2.0,1.0,2.0,2.0
149,Introvert,Extrovert,0.8925187,0.0,0.0,4.0,6.0,0.0,0.0363955635344609,3.0
272,Introvert,Extrovert,0.9560394,4.0,0.0,5.0,3.0,0.0,12.0,3.0
285,Introvert,Extrovert,0.90376896,0.0001099148103094,0.0,9.0,5.0,0.0,12.0,6.0
321,Introvert,Extrovert,0.60735464,0.0007538745790952,1.0,2.0,2.0,1.0,2.0,2.0
338,Introvert,Extrovert,0.962839,0.0001099148103094,0.0,9.0,6.0,0.0,13.0,8.0
374,Extrovert,Introvert,0.66711366,2.0,0.0,0.0282237934065051,5.0,0.0,3.0,9.0
398,Extrovert,Introvert,0.74014497,4.0,1.0,2.0,2.0,1.0,7.0,2.0
403,Extrovert,Introvert,0.9506175,6.0,1.0,1.0,9.533241754979826e-05,1.0,3.0,2.0
503,Extrovert,Introvert,0.8915976,11.0,1.0,1.0,2.0,1.0,3.0,1.0
518,Extrovert,Introvert,0.83554953,11.0,1.0,1.0,1.0,1.0,4.0,3.0
529,Introvert,Extrovert,0.5536779,0.000528407699312,1.0,0.0,2.0,1.0,4.0,2.0
540,Introvert,Extrovert,0.5072392,0.0007868951215641,1.0,0.0,2.0,1.0,4.0,0.0
547,Introvert,Extrovert,0.95265263,2.0,0.0,10.0,6.0,0.0,10.0,6.0
558,Extrovert,Introvert,0.7975906,3.0,1.0,2.0,1.0,1.0,2.0,1.0
561,Introvert,Extrovert,0.96866614,1.0,0.0,9.0,4.0,0.0,13.0,4.0
651,Extrovert,Introvert,0.7541632,11.0,1.0,2.0,3.0,1.0,4.0,3.0
655,Extrovert,Introvert,0.907097,9.0,1.0,0.0004341994499554,0.0,1.0,3.0,1.0
707,Extrovert,Introvert,0.6642391,6.0,1.0,0.0,1.0,1.0,1.0,2.0
714,Extrovert,Introvert,0.6819569,5.0,1.0,4.0,2.0,1.0,4.0,1.0
727,Extrovert,Introvert,0.9339573,6.0,1.0,3.0,2.0,1.0,3.0,2.0
737,Extrovert,Introvert,0.88458997,7.0,1.0,0.0,0.0001476143414038,1.0,5.0,2.0
738,Introvert,Extrovert,0.50725424,5.0,0.0,5.0,7.0,0.0,8.0,7.0
868,Introvert,Extrovert,0.7915025,0.0,1.0,5.0,3.0,1.0,5.0,3.0
869,Extrovert,Introvert,0.94534683,10.0,1.0,2.0,0.0,1.0,0.0005736617458751,2.0
877,Introvert,Extrovert,0.98286295,1.0,0.0,4.0,6.0,0.0,13.0,4.0
880,Extrovert,Introvert,0.9337958,5.0,0.0,0.0,2.0,0.0,3.0,1.0
946,Extrovert,Introvert,0.9417173,7.0,1.0,3.0,2.0,1.0,4.0,2.0
1037,Extrovert,Introvert,0.94248545,4.0,1.0,2.0,3.0,1.0,1.0,2.0
1041,Extrovert,Introvert,0.8236975,11.0,1.0,0.0,1.0,1.0,0.0,0.0
1139,Introvert,Extrovert,0.7311563,0.0008540719456505,1.0,3.0,2.0,1.0,5.0,1.0
1203,Extrovert,Introvert,0.8935356,9.0,1.0,2.0,2.0,1.0,0.0,1.0
1211,Introvert,Extrovert,0.9868618,2.0,0.0,9.0,6.0,0.0,6.0,3.0
1263,Extrovert,Introvert,0.9277487,10.0,1.0,3.0,3.0,1.0,4.0,3.0
1378,Introvert,Extrovert,0.9332543,4.0,0.0,9.0,4.0,0.0,12.0,5.0
1422,Extrovert,Introvert,0.6677068,9.0,1.0,0.0,1.0,1.0,15.0,1.0
1430,Introvert,Extrovert,0.9734295,1.0,0.0,4.0,5.0,0.0,10.0,7.0
1454,Introvert,Extrovert,0.5072392,0.000528407699312,1.0,0.0,2.0,1.0,4.0,0.0
1460,Introvert,Extrovert,0.92302567,2.0,0.0,5.0,6.0,0.0,14.0,10.0
1499,Introvert,Extrovert,0.9521015,0.0,0.0,6.0,3.0,0.0,14.0,7.0
1511,Introvert,Extrovert,0.95766234,1.0,0.0,9.0,7.0,0.0,8.0,7.0
1515,Extrovert,Introvert,0.95590657,6.0,1.0,0.0,0.0001476143414038,1.0,2.0,1.0
1555,Extrovert,Introvert,0.5839943,11.0,1.0,0.0,5.0,1.0,2.0,3.0
1582,Extrovert,Introvert,0.9354729,7.0,1.0,2.0,0.0,1.0,0.0,2.0
1585,Introvert,Extrovert,0.9665865,2.0,0.0,4.0,7.0,0.0,6.0,4.0
1596,Introvert,Extrovert,0.8971773,0.0,0.0,9.0,7.0,0.0,13.0,6.0
1615,Introvert,Extrovert,0.9677635,3.0,0.0,0.1213655967265367,5.0,0.0,13.0,5.0
1703,Introvert,Extrovert,0.9527936,0.0,0.0,8.0,5.0,0.0,10.0,6.0
1716,Introvert,Extrovert,0.9556617,0.0,0.0,6.0,7.0,0.0,13.0,8.0
1725,Introvert,Extrovert,0.9755027,1.0,0.0,5.0,7.0,0.0,15.0,6.0
1729,Introvert,Extrovert,0.89401454,4.0,0.0,4.0,7.0,0.0,10.0,7.0
1732,Extrovert,Introvert,0.57960963,3.0,0.0,0.0904006351716816,6.0,0.0,0.1493020109832286,3.0
1737,Extrovert,Introvert,0.86562175,8.0,1.0,1.0,3.0,1.0,2.0,3.0
1766,Introvert,Extrovert,0.9633369,1.0,0.0,3.0,0.0019499183865264,0.0,6.0,3.0
1774,Introvert,Extrovert,0.56425023,7.0,0.0,5.0,7.0,0.0,13.0,5.0
1834,Introvert,Extrovert,0.97579455,2.0,0.0,7.0,5.0,0.0,7.0,6.0
1845,Extrovert,Introvert,0.9126365,7.0,1.0,3.0,2.0,1.0,1.0,2.0
1873,Introvert,Extrovert,0.984884,1.0,0.0,9.0,7.0,0.0,15.0,10.0
1882,Introvert,Extrovert,0.97491753,2.0,0.0,7.0,5.0,0.0,11.0,8.0
1886,Introvert,Extrovert,0.95308304,0.0,0.0,5.0,7.0,0.0,13.0,9.0
1896,Introvert,Extrovert,0.952936,2.0,0.0,6.0,6.0,0.0,10.0,10.0
1927,Extrovert,Introvert,0.9614763,9.0,1.0,2.0,0.0,1.0,0.0005697527667507,1.0
1971,Extrovert,Introvert,0.5100616,0.0007738710148259,1.0,1.0,2.0,1.0,3.0,2.0
2001,Introvert,Extrovert,0.96191776,0.0,0.0,4.0,5.0,0.0,12.0,4.0
2004,Introvert,Extrovert,0.92324436,4.0,0.0,9.0,4.0,0.0,13.0,6.0
2029,Extrovert,Introvert,0.9454223,8.0,1.0,1.0,2.0,1.0,2.0,0.0011196110106538
2035,Introvert,Extrovert,0.94322956,0.0,0.0,5.0,5.0,0.0,11.0,10.0
2136,Introvert,Extrovert,0.9163948,1.0,0.0,10.0,5.0,0.0,13.0,4.0
2176,Introvert,Extrovert,0.97249824,0.0,0.0,8.0,5.0,0.0,5.0,5.0
2183,Extrovert,Introvert,0.93398803,9.0,1.0,3.0,3.0,1.0,2.0,2.0
2192,Extrovert,Introvert,0.52825683,10.0,1.0,2.0,0.0002995104194269,0.0,1.0,1.0
2197,Introvert,Extrovert,0.99764925,2.0,0.0,9.0,0.0011681569194479,0.0,11.0,8.0
2203,Introvert,Extrovert,0.9508746,0.0,0.0,0.0121931198751553,6.0,0.0,12.0,8.0
2234,Extrovert,Introvert,0.86568946,10.0,1.0,1.0,2.0,1.0,2.0,3.0
2315,Introvert,Extrovert,0.9185076,2.0,0.0,6.0,6.0,0.0,15.0,5.0
2358,Introvert,Extrovert,0.9844785,0.0,0.0,4.0,4.0,0.0,12.0,6.0
2473,Extrovert,Introvert,0.9535112,11.0,1.0,3.0,0.0001476143414038,1.0,4.0,2.0
2526,Introvert,Extrovert,0.9703297,1.0,0.0,5.0,5.0,0.0,10.0,7.0
2613,Extrovert,Introvert,0.8526041,9.0,1.0,2.0,2.0,1.0,2.0,3.0
2651,Introvert,Extrovert,0.84114456,0.0008133711875416,1.0,3.0,3.0,1.0,4.0,2.0
2653,Introvert,Extrovert,0.9716053,2.0,0.0,9.0,6.0,0.0,9.0,8.0
2675,Extrovert,Introvert,0.507884,6.0,1.0,9.0,1.0,1.0,1.0,2.0
2694,Introvert,Extrovert,0.9567418,2.0,0.0,4.0,7.0,0.0,4.0,6.0
2712,Extrovert,Introvert,0.66105133,4.0,1.0,4.0,2.0,1.0,5.0,2.0
2751,Extrovert,Introvert,0.969334,10.0,1.0,1.0,0.0,1.0,2.0,0.0
2773,Extrovert,Introvert,0.9606614,4.0,1.0,0.0,2.0,1.0,4.0,0.0011452743900008
2835,Extrovert,Introvert,0.96155196,5.0,1.0,3.0,1.0,1.0,1.0,1.0
2884,Introvert,Extrovert,0.6736735,0.0006308265874395,1.0,2.0,2.0,1.0,5.0,0.0
2906,Extrovert,Introvert,0.8562745,7.0,1.0,0.0,0.0,1.0,3.0,0.0
3021,Extrovert,Introvert,0.9486049,10.0,1.0,1.0,1.0,1.0,4.0,0.0011569634662009
3053,Extrovert,Introvert,0.66636896,3.0,0.0,3.0,6.0,0.0,0.0810887390747666,9.0
3086,Introvert,Extrovert,0.81369436,0.0,0.0,3.0,5.0,0.0,14.0,3.0
3111,Introvert,Extrovert,0.75878656,0.0014106652582995,1.0,2.0,0.0001476143414038,1.0,4.0,2.0
3130,Introvert,Extrovert,0.9566111,0.0001099148103094,0.0,9.0,5.0,0.0,12.0,8.0
3153,Extrovert,Introvert,0.9225217,5.0,1.0,3.0,2.0,1.0,0.0,0.0
3191,Extrovert,Introvert,0.90330344,5.0,1.0,0.0,0.0,1.0,1.0,3.0
3321,Extrovert,Introvert,0.93751407,7.0,1.0,0.0,0.0,1.0,0.0005981698108371,0.0
3387,Introvert,Extrovert,0.68620485,0.0005153836158569,1.0,2.0,2.0,1.0,3.0,0.0
3398,Introvert,Extrovert,0.970399,1.0,0.0,5.0,7.0,0.0,6.0,7.0
3410,Extrovert,Introvert,0.9465598,4.0,1.0,0.0004777865717187,0.0001476143414038,1.0,5.0,1.0
3470,Extrovert,Introvert,0.9164128,8.0,1.0,1.0,3.0,1.0,5.0,1.0
3546,Extrovert,Introvert,0.7777686,6.0,0.0,0.0,0.0008090756600722,0.0,4.0,2.0
3558,Introvert,Extrovert,0.91394097,2.0,0.0,7.0,7.0,0.0,14.0,10.0
3565,Extrovert,Introvert,0.977805,7.0,1.0,1.0,0.0,1.0,1.0,0.0012330613273661
3621,Introvert,Extrovert,0.9571214,2.0,0.0,8.0,7.0,0.0,11.0,5.0
3642,Extrovert,Introvert,0.8368539,7.0,1.0,0.0,0.0,1.0,4.0,1.0
3657,Introvert,Extrovert,0.97456867,0.0001099148103094,0.0,7.0,6.0,0.0,15.0,10.0
3670,Extrovert,Introvert,0.92687756,5.0,1.0,3.0,0.0,1.0,0.000640492295497,3.0
3680,Introvert,Extrovert,0.86651987,1.0,0.0,3.0,7.0,0.0,7.0,3.0
3682,Introvert,Extrovert,0.9407238,3.0,0.0,0.0385705878958106,4.0,0.0,10.0,7.0
3693,Extrovert,Introvert,0.94745654,4.0,1.0,2.0,0.0,1.0,5.0,3.0
3697,Introvert,Extrovert,0.9505038,1.0,0.0,9.0,7.0,0.0,11.0,7.0
3700,Extrovert,Introvert,0.5562148,9.0,0.0,3.0,2.0,0.0,4.0,2.0
3710,Introvert,Extrovert,0.9889005,0.0001099148103094,0.0,8.0,7.0,0.0,6.0,0.0172952363500371
3743,Extrovert,Introvert,0.62629944,11.0,1.0,1.0,3.0,1.0,4.0,3.0
3757,Introvert,Extrovert,0.6924548,0.0006308265874395,1.0,2.0,2.0,1.0,5.0,1.0
3810,Extrovert,Introvert,0.94049996,7.0,1.0,1.0,1.0,1.0,0.0005861999234184,2.0
3827,Introvert,Extrovert,0.98570937,2.0,0.0,8.0,5.0,0.0,9.0,0.0087706598686054
3833,Introvert,Extrovert,0.97580516,0.0,0.0,8.0,3.0,0.0,9.0,8.0
3840,Introvert,Extrovert,0.9179014,2.0,0.0,4.0,7.0,0.0,15.0,4.0
3855,Extrovert,Introvert,0.88701373,8.0,1.0,3.0,4.0,1.0,2.0,1.0
3859,Introvert,Extrovert,0.9885765,0.0001099148103094,0.0,6.0,6.0,0.0,6.0,0.0181310977670364
3863,Introvert,Extrovert,0.7514329,1.0,0.0,6.0,4.0,0.0,3.0,7.0
3896,Introvert,Extrovert,0.98203915,0.0001099148103094,0.0,4.0,6.0,0.0,9.0,3.0
4067,Introvert,Extrovert,0.7620809,0.0005153836158569,1.0,2.0,2.0,1.0,3.0,2.0
4082,Introvert,Extrovert,0.95618856,1.0,0.0,9.0,7.0,0.0,12.0,4.0
4117,Extrovert,Introvert,0.91352296,8.0,1.0,1.0,1.0,1.0,0.0,2.0
4223,Introvert,Extrovert,0.98146343,2.0,0.0,4.0,6.0,0.0,8.0,5.0
4226,Introvert,Extrovert,0.9738719,0.0001099148103094,0.0,7.0,6.0,0.0,9.0,5.0
4252,Extrovert,Introvert,0.87727773,9.0,1.0,2.0,0.0,1.0,3.0,1.0
4258,Introvert,Extrovert,0.9696962,0.0001099148103094,0.0,6.0,5.0,0.0,13.0,8.0
4340,Introvert,Extrovert,0.9740863,2.0,0.0,6.0,3.0,0.0,15.0,5.0
4411,Introvert,Extrovert,0.9783196,2.0,0.0,0.0169660475570708,6.0,0.0,11.0,5.0
4427,Extrovert,Introvert,0.8911358,11.0,1.0,2.0,0.0,1.0,4.0,0.0
4452,Introvert,Extrovert,0.9221417,3.0,0.0,8.0,7.0,0.0,5.0,6.0
4460,Introvert,Extrovert,0.95937854,0.0,0.0,0.0125899720296729,7.0,0.0,14.0,5.0
4463,Introvert,Extrovert,0.97459656,1.0,0.0,8.0,5.0,0.0,7.0,7.0
4490,Introvert,Extrovert,0.88861674,2.0,0.0,6.0,5.0,0.0,0.0387644736096262,4.0
4516,Extrovert,Introvert,0.88108605,8.0,1.0,1.0,3.0,1.0,4.0,0.0
4519,Introvert,Extrovert,0.9902662,3.0,0.0,9.0,3.0,0.0,9.0,3.0
4548,Introvert,Extrovert,0.97942334,0.0,0.0,7.0,3.0,0.0,10.0,9.0
4565,Extrovert,Introvert,0.933724,6.0,1.0,2.0,2.0,1.0,4.0,3.0
4598,Introvert,Extrovert,0.91582394,0.0,0.0,10.0,6.0,0.0,13.0,4.0
4608,Introvert,Extrovert,0.9781904,2.0,0.0,7.0,6.0,0.0,7.0,4.0
4623,Introvert,Extrovert,0.93743676,2.0,0.0,7.0,7.0,0.0,6.0,5.0
4637,Introvert,Extrovert,0.9788479,2.0,0.0,10.0,4.0,0.0,6.0,7.0
4673,Extrovert,Introvert,0.5341352,0.0016339106485247,1.0,3.0,0.0001485045751906,1.0,4.0,0.0
4677,Introvert,Extrovert,0.9658378,1.0,0.0,8.0,3.0,0.0,4.0,6.0
4727,Extrovert,Introvert,0.75326514,1.0,0.0,3.0,6.0,0.0,0.0353429918875917,3.0
4796,Introvert,Extrovert,0.9528797,1.0,0.0,6.0,6.0,0.0,15.0,3.0
4894,Introvert,Extrovert,0.96792436,3.0,0.0,0.0256482707336545,7.0,0.0,12.0,6.0
4898,Introvert,Extrovert,0.97465056,1.0,0.0,9.0,0.0015314243733882,0.0,5.0,4.0
4938,Introvert,Extrovert,0.770011,0.0006308265874395,1.0,2.0,0.0,1.0,5.0,2.0
4943,Introvert,Extrovert,0.9671425,1.0,0.0,9.0,5.0,0.0,4.0,6.0
4963,Introvert,Extrovert,0.8921847,3.0,0.0,3.0,5.0,0.0,5.0,8.0
5025,Extrovert,Introvert,0.74935323,7.0,1.0,4.0,2.0,1.0,2.0,1.0
5041,Extrovert,Introvert,0.93346965,9.0,1.0,1.0,2.0,1.0,3.0,1.0
5045,Extrovert,Introvert,0.94115156,9.0,1.0,3.0,3.0,1.0,3.0,0.0021839445340447
5048,Introvert,Extrovert,0.9842094,3.0,0.0,4.0,5.0,0.0,8.0,3.0
5064,Introvert,Extrovert,0.9605598,1.0,0.0,5.0,6.0,0.0,15.0,8.0
5081,Extrovert,Introvert,0.9882515,11.0,1.0,3.0,1.0,1.0,0.0004501740157138,0.0
5157,Extrovert,Introvert,0.9061951,6.0,1.0,1.0,2.0,1.0,3.0,2.0
5205,Extrovert,Introvert,0.9270941,7.0,1.0,2.0,3.0,1.0,4.0,3.0
5261,Introvert,Extrovert,0.7133199,0.0006791475811041,1.0,2.0,1.0,1.0,5.0,2.0
5272,Introvert,Extrovert,0.98201996,2.0,0.0,5.0,6.0,0.0,11.0,6.0
5337,Introvert,Extrovert,0.9812935,3.0,0.0,9.0,7.0,0.0,7.0,7.0
5362,Introvert,Extrovert,0.9322353,3.0,0.0,7.0,7.0,0.0,15.0,8.0
5383,Extrovert,Introvert,0.8687798,7.0,1.0,2.0,0.0,1.0,3.0,0.0
5493,Introvert,Extrovert,0.97422916,0.0,0.0,5.0,3.0,0.0,4.0,5.0
5506,Extrovert,Introvert,0.93024904,8.0,1.0,3.0,2.0,1.0,4.0,0.0016181519371457
5512,Introvert,Extrovert,0.9884056,3.0,0.0,8.0,3.0,0.0,9.0,6.0
5573,Extrovert,Introvert,0.97684026,6.0,1.0,1.0,0.0,1.0,1.0,0.0012330613273661
5601,Introvert,Extrovert,0.99379086,0.0,0.0,8.0,3.0,0.0,13.0,3.0
5657,Introvert,Extrovert,0.94608784,0.0,0.0,9.0,4.0,0.0,10.0,8.0
5689,Extrovert,Introvert,0.9350268,4.0,1.0,3.0,0.0001476143414038,1.0,3.0,2.0
5758,Extrovert,Introvert,0.5167374,3.0,0.0,0.1009644484147429,5.0,0.0,0.1408248528838157,3.0
5766,Extrovert,Introvert,0.9256062,5.0,1.0,0.0,0.0002130655673681,1.0,0.0006002762151183,2.0
5862,Introvert,Extrovert,0.9249693,0.0,0.0,7.0,7.0,0.0,5.0,5.0
5871,Introvert,Extrovert,0.91912174,1.0,0.0,5.0,7.0,0.0,13.0,10.0
5894,Extrovert,Introvert,0.9226611,7.0,1.0,2.0,0.0,1.0,2.0,0.0012330613273661
5906,Introvert,Extrovert,0.9905611,2.0,0.0,7.0,4.0,0.0,7.0,4.0
5940,Extrovert,Introvert,0.76565695,6.0,1.0,0.0,0.0001476143414038,1.0,1.0,2.0
5941,Introvert,Extrovert,0.85171795,2.0,0.0,7.0,4.0,0.0,0.0689407974481582,9.0
5962,Introvert,Extrovert,0.94889647,1.0,0.0,8.0,7.0,0.0,11.0,7.0
5992,Extrovert,Introvert,0.8709962,8.0,1.0,0.0,1.0,1.0,3.0,3.0
6031,Extrovert,Introvert,0.8687798,7.0,1.0,2.0,0.0,1.0,3.0,0.0012330613273661
6074,Introvert,Extrovert,0.51256603,0.001112559280591,1.0,3.0,0.0,1.0,5.0,1.0
6137,Introvert,Extrovert,0.97926056,3.0,0.0,4.0,5.0,0.0,14.0,0.0260465723229572
6162,Introvert,Extrovert,0.9573848,1.0,0.0,7.0,7.0,0.0,12.0,5.0
6171,Introvert,Extrovert,0.98529077,0.0001099148103094,0.0,9.0,3.0,0.0,12.0,3.0
6283,Introvert,Extrovert,0.6826306,9.0,0.0,4.0,4.0,0.0,7.0,6.0
6306,Introvert,Extrovert,0.9222732,3.0,0.0,6.0,5.0,0.0,15.0,5.0
6477,Extrovert,Introvert,0.9175817,8.0,1.0,3.0,0.0,1.0,1.0,1.0
6549,Introvert,Extrovert,0.6106868,5.0,0.0,7.0,7.0,0.0,8.0,4.0
6593,Introvert,Extrovert,0.96869296,0.0,0.0,7.0,3.0,0.0,8.0,7.0
6605,Extrovert,Introvert,0.92077637,10.0,1.0,1.0,2.0,1.0,2.0,0.0
6667,Introvert,Extrovert,0.96520174,0.0,0.0,6.0,7.0,0.0,5.0,7.0
6670,Introvert,Extrovert,0.97182775,2.0,0.0,5.0,7.0,0.0,9.0,9.0
6698,Introvert,Extrovert,0.90835077,1.0,0.0,8.0,7.0,0.0,6.0,7.0
6741,Introvert,Extrovert,0.77940494,2.0,0.0,3.0,5.0,0.0,5.0,9.0
6759,Extrovert,Introvert,0.9512588,9.0,1.0,0.0,2.0,1.0,5.0,1.0
6912,Extrovert,Introvert,0.90475297,8.0,1.0,3.0,3.0,1.0,5.0,0.0
6997,Introvert,Extrovert,0.7075253,0.0009023929596878,1.0,3.0,1.0,1.0,5.0,2.0
7042,Introvert,Extrovert,0.7569188,0.0008540719456505,1.0,3.0,0.0,1.0,5.0,3.0
7046,Introvert,Extrovert,0.64609754,0.000738628959516,1.0,3.0,2.0,1.0,3.0,2.0
7067,Introvert,Extrovert,0.9490198,1.0,0.0,6.0,5.0,0.0,15.0,9.0
7075,Extrovert,Introvert,0.9569799,10.0,1.0,1.0,2.0,1.0,0.0,1.0
7079,Introvert,Extrovert,0.5143195,-0.0011713958985637,1.0,3.0,2.0,1.0,14.0,0.0
7095,Introvert,Extrovert,0.9254619,3.0,0.0,3.0,6.0,0.0,8.0,8.0
7141,Introvert,Extrovert,0.9805727,2.0,0.0,9.0,5.0,0.0,11.0,9.0
7152,Introvert,Extrovert,0.9808394,1.0,0.0,7.0,5.0,0.0,12.0,9.0
7160,Extrovert,Introvert,0.8890515,6.0,1.0,0.0,2.0,1.0,4.0,2.0
7183,Introvert,Extrovert,0.9714446,1.0,0.0,6.0,7.0,0.0,9.0,4.0
7210,Extrovert,Introvert,0.7161593,6.0,1.0,0.0,1.0,1.0,0.0,2.0
7228,Introvert,Extrovert,0.8788049,0.0,0.0,10.0,5.0,0.0,12.0,6.0
7239,Introvert,Extrovert,0.9159672,0.0,0.0,3.0,5.0,0.0,6.0,9.0
7296,Extrovert,Introvert,0.5829703,3.0,0.0,3.0,5.0,0.0,0.076726614870131,8.0
7339,Extrovert,Introvert,0.83300406,7.0,1.0,0.0,2.0,1.0,2.0,2.0
7342,Introvert,Extrovert,0.70650846,0.0005153836158569,1.0,2.0,2.0,1.0,3.0,1.0
7348,Introvert,Extrovert,0.99501324,2.0,0.0,5.0,3.0,0.0,11.0,3.0
7373,Introvert,Extrovert,0.97684425,0.0001099148103094,0.0,8.0,5.0,0.0,11.0,0.0226007785415276
7384,Extrovert,Introvert,0.90272176,10.0,1.0,4.0,0.0,1.0,2.0,2.0
7410,Introvert,Extrovert,0.9870659,2.0,0.0,7.0,4.0,0.0,14.0,4.0
7414,Introvert,Extrovert,0.68620485,0.0005153836158569,1.0,2.0,2.0,1.0,3.0,0.0009126461343839
7423,Extrovert,Introvert,0.8573446,6.0,1.0,1.0,2.0,1.0,2.0,2.0
7455,Introvert,Extrovert,0.95290107,3.0,0.0,0.0415161305107176,6.0,0.0,12.0,5.0
7477,Introvert,Extrovert,0.5220835,4.0,0.0,2.0,7.0,0.0,5.0,9.0
7536,Introvert,Extrovert,0.95043015,1.0,0.0,8.0,7.0,0.0,8.0,5.0
7554,Introvert,Extrovert,0.9611492,0.0030249133589677,0.0,0.0,4.0,0.0,5.0,6.0
7566,Extrovert,Introvert,0.88478446,5.0,1.0,1.0,3.0,1.0,4.0,0.0
7571,Introvert,Extrovert,0.93821454,3.0,0.0,7.0,5.0,0.0,15.0,3.0
7576,Introvert,Extrovert,0.99270976,2.0,0.0,6.0,4.0,0.0,7.0,5.0
7600,Extrovert,Introvert,0.83720297,10.0,0.0,3.0,4.0,0.0,-0.0935054220259189,1.0
7616,Introvert,Extrovert,0.58058316,4.0,0.0,3.0,4.0,0.0,5.0,1.0
7696,Extrovert,Introvert,0.93351334,10.0,1.0,1.0,1.0,1.0,5.0,1.0
7706,Introvert,Extrovert,0.9659555,1.0,0.0,7.0,5.0,0.0,13.0,7.0
7711,Introvert,Extrovert,0.98698807,3.0,0.0,8.0,6.0,0.0,7.0,4.0
7726,Extrovert,Introvert,0.8837534,7.0,1.0,0.0004769390681758,1.0,1.0,5.0,1.0
7727,Introvert,Extrovert,0.96400774,0.0001099148103094,0.0,8.0,5.0,0.0,14.0,0.025627876445651
7759,Extrovert,Introvert,0.9125242,9.0,1.0,1.0,0.0,1.0,4.0,0.0
7783,Extrovert,Introvert,0.7907758,6.0,1.0,0.0004305210750317,2.0,1.0,2.0,2.0
7801,Extrovert,Introvert,0.96275514,4.0,1.0,0.0,2.0,1.0,0.0005685364943929,0.0
7813,Introvert,Extrovert,0.98779315,3.0,0.0,5.0,5.0,0.0,11.0,4.0
7829,Extrovert,Introvert,0.85267913,11.0,1.0,2.0,0.0001565604376082,1.0,0.0,1.0
7837,Extrovert,Introvert,0.70724285,5.0,1.0,0.0,0.0,1.0,5.0,6.0
7859,Extrovert,Introvert,0.8784066,5.0,1.0,0.0,2.0,1.0,0.0,3.0
7862,Introvert,Extrovert,0.97752774,0.0,0.0,4.0,7.0,0.0,8.0,8.0
7881,Introvert,Extrovert,0.991839,2.0,0.0,9.0,5.0,0.0,6.0,10.0
7902,Introvert,Extrovert,0.71338403,3.0,0.0,5.0,3.0,0.0,0.0576952762901783,9.0
7913,Introvert,Extrovert,0.97308165,1.0,0.0,7.0,7.0,0.0,11.0,9.0
7918,Introvert,Extrovert,0.9823594,3.0,0.0,3.0,4.0,0.0,14.0,4.0
7931,Introvert,Extrovert,0.9751682,0.0,0.0,5.0,7.0,0.0,5.0,9.0
7992,Extrovert,Introvert,0.65486383,2.0,0.0,3.0,6.0,0.0,0.0794456036761403,9.0
8002,Introvert,Extrovert,0.9668844,0.0,0.0,7.0,5.0,0.0,13.0,8.0
8056,Extrovert,Introvert,0.94286674,5.0,1.0,2.0,3.0,1.0,5.0,1.0
8080,Introvert,Extrovert,0.51256603,0.0008540719456505,1.0,3.0,0.0,1.0,5.0,1.0
8092,Introvert,Extrovert,0.9702731,1.0,0.0,8.0,7.0,0.0,13.0,8.0
8113,Introvert,Extrovert,0.9674447,2.0,0.0,9.0,5.0,0.0,14.0,4.0
8117,Introvert,Extrovert,0.96121734,1.0,0.0,9.0,4.0,0.0,10.0,8.0
8145,Introvert,Extrovert,0.9564175,0.0,0.0,8.0,4.0,0.0,5.0,7.0
8204,Extrovert,Introvert,0.64073896,9.0,1.0,3.0,2.0,1.0,7.0,4.0
8233,Introvert,Extrovert,0.9462666,0.0,0.0,4.0,0.0010514625661016,0.0,15.0,7.0
8276,Introvert,Extrovert,0.95855445,0.0001099148103094,0.0,6.0,5.0,0.0,12.0,6.0
8284,Extrovert,Introvert,0.93570775,7.0,1.0,3.0,3.0,1.0,2.0,3.0
8291,Extrovert,Introvert,0.9691854,10.0,1.0,0.0,2.0,1.0,3.0,0.0011099423747509
8318,Introvert,Extrovert,0.98940295,1.0,0.0,5.0,4.0,0.0,11.0,3.0
8350,Introvert,Extrovert,0.977816,0.0,0.0,6.0,6.0,0.0,7.0,6.0
8377,Introvert,Extrovert,0.9903363,3.0,0.0,5.0,3.0,0.0,9.0,8.0
8394,Introvert,Extrovert,0.9818422,0.0001099148103094,0.0,5.0,3.0,0.0,15.0,6.0
8440,Extrovert,Introvert,0.9390961,9.0,1.0,2.0,2.0,1.0,4.0,0.0
8452,Introvert,Extrovert,0.977461,0.0001099148103094,0.0,8.0,6.0,0.0,11.0,3.0
8501,Introvert,Extrovert,0.9840573,1.0,0.0,6.0,0.0007894046400906,0.0,10.0,9.0
8578,Introvert,Extrovert,0.94860965,1.0,0.0,8.0,6.0,0.0,8.0,10.0
8608,Introvert,Extrovert,0.8076762,5.0,0.0,7.0,3.0,0.0,10.0,5.0
8659,Introvert,Extrovert,0.9720614,2.0,0.0,7.0,6.0,0.0,11.0,4.0
8688,Extrovert,Introvert,0.8992358,8.0,1.0,2.0,0.0,1.0,3.0,3.0
8760,Extrovert,Introvert,0.89712745,10.0,1.0,2.0,0.0,1.0,3.0,0.0012279956426937
8803,Extrovert,Introvert,0.88929844,4.0,1.0,2.0,0.0,1.0,2.0,1.0
8842,Introvert,Extrovert,0.9805866,0.0,0.0,6.0,3.0,0.0,5.0,3.0
8847,Introvert,Extrovert,0.86076665,3.0,0.0,8.0,4.0,0.0,0.0494893860071897,8.0
8859,Introvert,Extrovert,0.9048822,4.0,0.0,9.0,7.0,0.0,9.0,6.0
8923,Introvert,Extrovert,0.9528113,0.0,0.0,9.0,6.0,0.0,11.0,5.0
9012,Introvert,Extrovert,0.9711498,1.0,0.0,4.0,6.0,0.0,4.0,4.0
9018,Extrovert,Introvert,0.9000579,10.0,1.0,0.0,1.0,1.0,3.0,0.0
9025,Introvert,Extrovert,0.788242,0.0,0.0,3.0,5.0,0.0,14.0,9.0
9040,Extrovert,Introvert,0.9042881,4.0,1.0,1.0,3.0,1.0,5.0,0.0
9157,Extrovert,Introvert,0.9817376,7.0,1.0,3.0,0.0001485045751906,1.0,1.0,0.0
9178,Introvert,Extrovert,0.984748,3.0,0.0,6.0,5.0,0.0,9.0,6.0
9218,Extrovert,Introvert,0.6874973,3.0,1.0,0.0,0.0,1.0,4.0,2.0
9278,Extrovert,Introvert,0.6207485,3.0,1.0,2.0,2.0,1.0,2.0,2.0
9306,Introvert,Extrovert,0.96177536,4.0,0.0,5.0,7.0,0.0,10.0,10.0
9311,Extrovert,Introvert,0.8442651,11.0,1.0,0.0,0.0,1.0,4.0,1.0
9317,Extrovert,Introvert,0.95343846,10.0,1.0,3.0,1.0,1.0,4.0,1.0
9363,Introvert,Extrovert,0.97249824,0.0,0.0,8.0,5.0,0.0,5.0,5.0
9410,Introvert,Extrovert,0.9639638,1.0,0.0,8.0,5.0,0.0,15.0,4.0
9423,Introvert,Extrovert,0.75878656,0.0005901258293306,1.0,2.0,0.0,1.0,4.0,2.0
9445,Introvert,Extrovert,0.8441068,4.0,0.0,4.0,4.0,0.0,15.0,4.0
9487,Extrovert,Introvert,0.92188007,6.0,1.0,3.0,3.0,1.0,0.0006701237987726,2.0
9501,Extrovert,Introvert,0.88673764,6.0,1.0,2.0,2.0,1.0,0.0006097692239563,2.0
9521,Extrovert,Introvert,0.91817915,11.0,1.0,2.0,3.0,1.0,4.0,0.0
9555,Introvert,Extrovert,0.5316191,4.0,1.0,6.0,0.0001274039124837,1.0,8.0,2.0
9578,Extrovert,Introvert,0.9477032,5.0,1.0,2.0,2.0,1.0,5.0,3.0
9601,Introvert,Extrovert,0.9815336,3.0,0.0,6.0,7.0,0.0,8.0,6.0
9628,Extrovert,Introvert,0.68025684,5.0,1.0,1.0,6.0,1.0,4.0,3.0
9636,Introvert,Extrovert,0.98640573,3.0,0.0,8.0,7.0,0.0,6.0,0.0164395708881784
9716,Introvert,Extrovert,0.96969754,1.0,0.0,3.0,7.0,0.0,11.0,7.0
9730,Extrovert,Introvert,0.6017741,3.0,0.0,8.0,7.0,0.0,0.0578507215715944,7.0
9738,Introvert,Extrovert,0.9817268,1.0,0.0,6.0,5.0,0.0,11.0,0.021276538685197
9750,Extrovert,Introvert,0.9452376,6.0,1.0,0.0,3.0,1.0,3.0,0.0
9818,Introvert,Extrovert,0.97332263,3.0,0.0,4.0,4.0,0.0,15.0,7.0
9830,Extrovert,Introvert,0.7050477,11.0,1.0,3.0,5.0,1.0,4.0,1.0
9894,Introvert,Extrovert,0.9075971,0.0,0.0,3.0,6.0,0.0,10.0,7.0
9916,Introvert,Extrovert,0.5126971,0.000528407699312,1.0,0.0,2.0,1.0,4.0,1.0
10004,Extrovert,Introvert,0.94121027,6.0,1.0,2.0,0.0,1.0,4.0,1.0
10022,Extrovert,Introvert,0.88108605,8.0,1.0,1.0,3.0,1.0,4.0,0.0018238038290292
10027,Extrovert,Introvert,0.93108815,9.0,1.0,1.0,0.0,1.0,3.0,2.0
10080,Extrovert,Introvert,0.98418957,5.0,1.0,2.0,0.0002139558011549,1.0,0.000543761922745,0.0
10120,Introvert,Extrovert,0.94444865,0.0,0.0,3.0,7.0,0.0,7.0,4.0
10149,Extrovert,Introvert,0.8942419,8.0,1.0,1.0,2.0,1.0,1.0,2.0
10164,Introvert,Extrovert,0.9698493,2.0,0.0,10.0,5.0,0.0,9.0,5.0
10169,Introvert,Extrovert,0.9704277,0.0,0.0,6.0,5.0,0.0,14.0,8.0
10243,Introvert,Extrovert,0.7725453,5.0,0.0,8.0,5.0,0.0,15.0,3.0
10254,Introvert,Extrovert,0.9725497,3.0,0.0,8.0,7.0,0.0,12.0,7.0
10282,Introvert,Extrovert,0.9709557,0.0,0.0,0.0394728271290659,6.0,0.0,8.0,10.0
10331,Introvert,Extrovert,0.65332806,2.0,0.0,8.0,7.0,0.0,0.0569735861383378,6.0
10374,Extrovert,Introvert,0.8416425,11.0,1.0,0.0,0.0,1.0,0.0005428237345768,1.0
10398,Introvert,Extrovert,0.7133199,0.0006791475811041,1.0,2.0,1.0,1.0,5.0,2.0
10427,Introvert,Extrovert,0.89756185,1.0,0.0,6.0,5.0,0.0,15.0,7.0
10450,Introvert,Extrovert,0.5716464,0.000528407699312,1.0,0.0,3.0,1.0,4.0,3.0
10474,Extrovert,Introvert,0.7075809,6.0,1.0,0.0,2.0,1.0,8.0,3.0
10479,Introvert,Extrovert,0.8408006,3.0,0.0,3.0,6.0,0.0,10.0,3.0
10480,Introvert,Extrovert,0.9785205,1.0,0.0,7.0,4.0,0.0,6.0,7.0
10482,Introvert,Extrovert,0.9508704,2.0,0.0,0.025545764202252,4.0,0.0,10.0,8.0
10497,Introvert,Extrovert,0.95467377,0.0001099148103094,0.0,7.0,5.0,0.0,10.0,6.0
10510,Extrovert,Introvert,0.94331086,7.0,1.0,3.0,2.0,1.0,5.0,0.0
10614,Extrovert,Introvert,0.5807795,4.0,0.0,3.0,0.0,1.0,5.0,-0.0014690990152303
10634,Extrovert,Introvert,0.8930405,0.0005074240471003,1.0,1.0,3.0,1.0,0.0,2.0
10642,Introvert,Extrovert,0.990907,1.0,0.0,9.0,5.0,0.0,8.0,0.0052943865652196
10648,Introvert,Extrovert,0.7722727,0.0016339106485247,1.0,3.0,0.0001728523580823,1.0,4.0,3.0
10657,Introvert,Extrovert,0.8127868,2.0,0.0,3.0,7.0,0.0,8.0,9.0
10669,Introvert,Extrovert,0.9903473,1.0,0.0,4.0,4.0,0.0,6.0,4.0
10710,Introvert,Extrovert,0.71409214,0.0008133711875416,1.0,3.0,2.0,1.0,4.0,1.0
10723,Introvert,Extrovert,0.87565196,4.0,0.0,6.0,6.0,0.0,4.0,5.0
10752,Extrovert,Introvert,0.92674893,8.0,1.0,2.0,0.0001476143414038,1.0,2.0,1.0
10756,Extrovert,Introvert,0.95713013,9.0,1.0,0.0004238384717609,0.0,1.0,1.0,2.0
10761,Extrovert,Introvert,0.92573994,9.0,1.0,2.0,0.0,1.0,1.0,3.0
10801,Extrovert,Introvert,0.9616462,8.0,1.0,2.0,1.0,1.0,2.0,0.0011196110106538
10834,Extrovert,Introvert,0.82152194,8.0,1.0,2.0,2.0,1.0,0.0,1.0
10844,Introvert,Extrovert,0.75572884,8.0,0.0,8.0,6.0,0.0,12.0,4.0
10854,Extrovert,Introvert,0.8261596,9.0,1.0,0.0,2.0,1.0,2.0,2.0
10882,Extrovert,Introvert,0.90545726,7.0,1.0,0.0,1.0,1.0,5.0,0.0
10888,Extrovert,Introvert,0.71307373,11.0,1.0,1.0,3.0,1.0,5.0,2.0
11006,Introvert,Extrovert,0.96499616,0.0,0.0,4.0,6.0,0.0,10.0,5.0
11036,Introvert,Extrovert,0.9560724,1.0,0.0,4.0,4.0,0.0,14.0,0.0211972274351865
11044,Introvert,Extrovert,0.8677438,3.0,0.0,3.0,6.0,0.0,7.0,3.0
11046,Extrovert,Introvert,0.8648115,11.0,1.0,2.0,0.0,1.0,3.0,2.0
11081,Extrovert,Introvert,0.8019758,7.0,1.0,3.0,2.0,1.0,0.0,1.0
11148,Introvert,Extrovert,0.56771904,0.0017098532407544,1.0,2.0,9.533241754979826e-05,1.0,5.0,1.0
11244,Introvert,Extrovert,0.6960522,0.0008133711875416,1.0,3.0,2.0,1.0,4.0,0.0
11247,Introvert,Extrovert,0.9872649,2.0,0.0,7.0,3.0,0.0,7.0,9.0
11255,Introvert,Extrovert,0.94926494,0.0,0.0,5.0,5.0,0.0,14.0,7.0
11259,Introvert,Extrovert,0.9685337,0.0,0.0,3.0,3.0,0.0,12.0,5.0
11334,Introvert,Extrovert,0.9266219,0.0001099148103094,0.0,7.0,7.0,0.0,10.0,7.0
11340,Introvert,Extrovert,0.5071825,7.0,0.0,5.0,6.0,0.0,10.0,10.0
11360,Introvert,Extrovert,0.94191164,0.0001099148103094,0.0,8.0,7.0,0.0,10.0,6.0
11456,Introvert,Extrovert,0.9518072,1.0,0.0,8.0,7.0,0.0,14.0,5.0
11464,Extrovert,Introvert,0.63520706,0.0,0.0,8.0,7.0,0.0,0.0426426150370389,7.0
11467,Extrovert,Introvert,0.9102278,9.0,1.0,0.0004341994499554,2.0,1.0,3.0,2.0
11472,Extrovert,Introvert,0.9589046,5.0,1.0,1.0,2.0,1.0,3.0,0.0
11545,Extrovert,Introvert,0.8764651,5.0,1.0,1.0,0.0,1.0,0.0,2.0
11546,Extrovert,Introvert,0.9369686,8.0,1.0,0.0,0.0,1.0,1.0,0.001240873360075
11557,Extrovert,Introvert,0.91648054,9.0,1.0,1.0,0.0001476143414038,1.0,3.0,1.0
11608,Extrovert,Introvert,0.9535736,7.0,1.0,2.0,2.0,1.0,1.0,1.0
11613,Extrovert,Introvert,0.6548058,7.0,1.0,5.0,0.0,1.0,5.0,0.0
11615,Introvert,Extrovert,0.9095982,4.0,0.0,8.0,6.0,0.0,10.0,7.0
11625,Extrovert,Introvert,0.98578995,9.0,1.0,3.0,1.0,1.0,1.0,2.0
11627,Extrovert,Introvert,0.91476,4.0,1.0,2.0,2.0,1.0,3.0,5.0
11715,Introvert,Extrovert,0.97935116,2.0,0.0,7.0,6.0,0.0,7.0,9.0
11739,Introvert,Extrovert,0.5016442,0.0005153836158569,1.0,1.0,2.0,1.0,3.0,0.0
11758,Extrovert,Introvert,0.9109423,6.0,1.0,0.0,0.0001485045751906,1.0,1.0,0.0
11781,Introvert,Extrovert,0.9711285,0.0001099148103094,0.0,7.0,5.0,0.0,8.0,7.0
11794,Introvert,Extrovert,0.9613262,4.0,0.0,9.0,5.0,0.0,15.0,6.0
11820,Extrovert,Introvert,0.9440248,7.0,1.0,0.0,2.0,1.0,5.0,1.0
11847,Introvert,Extrovert,0.9711764,0.0,0.0,7.0,5.0,0.0,10.0,3.0
11875,Extrovert,Introvert,0.7931085,11.0,1.0,1.0,1.0,1.0,0.0,2.0
11936,Introvert,Extrovert,0.97569466,2.0,0.0,9.0,5.0,0.0,6.0,9.0
11937,Extrovert,Introvert,0.8889606,10.0,1.0,2.0,2.0,1.0,2.0,2.0
11961,Introvert,Extrovert,0.9569862,0.0,0.0,6.0,5.0,0.0,10.0,6.0
11962,Extrovert,Introvert,0.9038235,5.0,1.0,1.0,2.0,1.0,2.0,2.0
11981,Introvert,Extrovert,0.95534015,0.0,0.0,7.0,5.0,0.0,14.0,5.0
12061,Extrovert,Introvert,0.9114172,4.0,1.0,0.0,1.0,1.0,3.0,2.0
12105,Extrovert,Introvert,0.9560546,5.0,1.0,2.0,1.0,1.0,4.0,1.0
12139,Introvert,Extrovert,0.58366483,3.0,0.0,8.0,7.0,0.0,3.0,9.0
12170,Introvert,Extrovert,0.94145143,1.0,0.0,3.0,6.0,0.0,5.0,7.0
12211,Introvert,Extrovert,0.71376145,0.0008540719456505,1.0,3.0,2.0,1.0,5.0,0.0015406972146593
12254,Introvert,Extrovert,0.96501845,1.0,0.0,9.0,7.0,0.0,12.0,8.0
12282,Extrovert,Introvert,0.53284365,8.0,1.0,9.0,3.0,1.0,3.0,2.0
12283,Introvert,Extrovert,0.94337845,0.0001099148103094,0.0,6.0,5.0,0.0,14.0,7.0
12288,Introvert,Extrovert,0.98653215,3.0,0.0,8.0,6.0,0.0,12.0,7.0
12294,Extrovert,Introvert,0.55524087,6.0,1.0,5.0,0.0,1.0,3.0,2.0
12372,Extrovert,Introvert,0.89232725,7.0,1.0,1.0,3.0,1.0,4.0,2.0
12382,Extrovert,Introvert,0.96261173,6.0,1.0,2.0,1.0,1.0,3.0,1.0
12385,Extrovert,Introvert,0.9467457,9.0,1.0,2.0,3.0,1.0,3.0,0.0
12399,Introvert,Extrovert,0.69360554,0.0,0.0,3.0,6.0,0.0,3.0,7.0
12412,Extrovert,Introvert,0.9013025,8.0,1.0,0.0,3.0,1.0,3.0,3.0
12428,Introvert,Extrovert,0.9628157,0.0,0.0,5.0,5.0,0.0,12.0,4.0
12439,Extrovert,Introvert,0.88998055,8.0,1.0,0.0,1.0,1.0,1.0,3.0
12472,Introvert,Extrovert,0.9426882,1.0,0.0,9.0,6.0,0.0,10.0,6.0
12483,Extrovert,Introvert,0.92908007,10.0,1.0,2.0,0.0,1.0,1.0,3.0
12491,Extrovert,Introvert,0.94039065,8.0,1.0,3.0,1.0,1.0,5.0,3.0
12517,Extrovert,Introvert,0.92624944,4.0,1.0,0.0004769390681758,2.0,1.0,5.0,2.0
12555,Extrovert,Introvert,0.9165893,4.0,1.0,3.0,0.0,1.0,3.0,3.0
12569,Extrovert,Introvert,0.8760436,4.0,1.0,3.0,3.0,1.0,0.0,1.0
12607,Introvert,Extrovert,0.9875345,2.0,0.0,5.0,0.0015005887020379,0.0,6.0,8.0
12635,Introvert,Extrovert,0.9757078,2.0,0.0,7.0,6.0,0.0,5.0,8.0
12666,Introvert,Extrovert,0.972368,3.0,0.0,9.0,6.0,0.0,4.0,9.0
12714,Extrovert,Introvert,0.86950177,-0.0002598784660222,1.0,0.0005784766326542,0.0,1.0,3.0,1.0
12788,Extrovert,Introvert,0.91018885,6.0,1.0,1.0,3.0,1.0,5.0,2.0
12811,Introvert,Extrovert,0.8814535,0.0,0.0,7.0,7.0,0.0,15.0,7.0
12833,Extrovert,Introvert,0.8325614,4.0,1.0,3.0,0.0,1.0,1.0,3.0
12838,Extrovert,Introvert,0.6010189,3.0,1.0,0.0,2.0,1.0,3.0,0.0
12869,Introvert,Extrovert,0.9722011,0.0,0.0,5.0,6.0,0.0,5.0,7.0
12880,Extrovert,Introvert,0.8261596,9.0,1.0,0.0,2.0,1.0,2.0,2.0
12898,Introvert,Extrovert,0.9091831,2.0,0.0,0.0328623129986226,7.0,0.0,11.0,10.0
12901,Introvert,Extrovert,0.9766051,0.0,0.0,4.0,5.0,0.0,4.0,9.0
12907,Extrovert,Introvert,0.92580706,10.0,1.0,0.0,1.0,1.0,1.0,0.0
12912,Introvert,Extrovert,0.9675644,4.0,0.0,9.0,5.0,0.0,12.0,8.0
12919,Introvert,Extrovert,0.7004052,0.0006384468229953,1.0,2.0,1.0,1.0,4.0,2.0
12942,Introvert,Extrovert,0.96372825,0.0,0.0,9.0,7.0,0.0,8.0,4.0
12983,Introvert,Extrovert,0.977816,0.0001099148103094,0.0,6.0,6.0,0.0,7.0,6.0
13033,Extrovert,Introvert,0.91594,9.0,1.0,2.0,2.0,1.0,4.0,3.0
13037,Extrovert,Introvert,0.87454104,4.0,1.0,3.0,0.0,1.0,1.0,1.0
13041,Introvert,Extrovert,0.9236584,2.0,0.0,5.0,6.0,0.0,15.0,4.0
13126,Introvert,Extrovert,0.9641645,2.0,0.0,6.0,7.0,0.0,14.0,3.0
13140,Extrovert,Introvert,0.9804915,9.0,1.0,3.0,0.0,1.0,0.0005671000661095,1.0
13158,Introvert,Extrovert,0.8985783,4.0,0.0,5.0,7.0,0.0,13.0,7.0
13172,Introvert,Extrovert,0.98378724,0.0001099148103094,0.0,10.0,6.0,0.0,15.0,8.0
13173,Introvert,Extrovert,0.8871645,2.0,0.0,6.0,5.0,0.0,15.0,4.0
13225,Extrovert,Introvert,0.8092397,11.0,1.0,0.0,0.0,1.0,0.0,2.0
13269,Extrovert,Introvert,0.9875765,4.0,1.0,1.0,2.0,1.0,0.0,0.0
13296,Introvert,Extrovert,0.8347565,0.0008133711875416,1.0,3.0,3.0,1.0,4.0,3.0
13344,Extrovert,Introvert,0.9035164,11.0,1.0,1.0,2.0,1.0,3.0,0.0
13395,Extrovert,Introvert,0.78337246,11.0,1.0,1.0,0.0,1.0,0.0,2.0
13444,Extrovert,Introvert,0.87742347,9.0,1.0,0.0,1.0,1.0,4.0,1.0
13447,Extrovert,Introvert,0.94918734,4.0,1.0,3.0,0.0,1.0,4.0,0.0
13460,Introvert,Extrovert,0.9428019,4.0,0.0,6.0,6.0,0.0,7.0,6.0
13477,Introvert,Extrovert,0.9615667,0.0,0.0,8.0,7.0,0.0,10.0,9.0
13484,Extrovert,Introvert,0.9143726,6.0,1.0,0.0,9.533241754979826e-05,1.0,4.0,1.0
13491,Introvert,Extrovert,0.9616507,0.0,0.0,4.0,6.0,0.0,12.0,7.0
13508,Introvert,Extrovert,0.9672781,2.0,0.0,7.0,7.0,0.0,11.0,8.0
13521,Introvert,Extrovert,0.9841015,3.0,0.0,4.0,6.0,0.0,11.0,4.0
13551,Introvert,Extrovert,0.9647545,2.0,0.0,6.0,5.0,0.0,14.0,4.0
13577,Introvert,Extrovert,0.96598274,0.0001099148103094,0.0,5.0,7.0,0.0,14.0,3.0
13599,Introvert,Extrovert,0.98796177,0.0001099148103094,0.0,6.0,3.0,0.0,8.0,6.0
13608,Introvert,Extrovert,0.9369241,3.0,0.0,6.0,5.0,0.0,15.0,9.0
13620,Extrovert,Introvert,0.930743,9.0,1.0,3.0,2.0,1.0,5.0,0.0
13727,Extrovert,Introvert,0.88889736,6.0,1.0,2.0,2.0,1.0,1.0,2.0
13792,Introvert,Extrovert,0.9828552,0.0,0.0,6.0,4.0,0.0,10.0,3.0
13799,Extrovert,Introvert,0.9460256,5.0,1.0,2.0,2.0,1.0,5.0,0.0
13897,Extrovert,Introvert,0.96843004,6.0,1.0,3.0,1.0,1.0,2.0,0.0
13927,Introvert,Extrovert,0.9725333,0.0001099148103094,0.0,5.0,6.0,0.0,4.0,6.0
13950,Extrovert,Introvert,0.62041867,3.0,1.0,1.0,2.0,1.0,4.0,1.0
14083,Introvert,Extrovert,0.9842677,0.0,0.0,7.0,4.0,0.0,7.0,8.0
14121,Introvert,Extrovert,0.8233168,3.0,0.0,3.0,6.0,0.0,14.0,9.0
14184,Introvert,Extrovert,0.5914725,3.0,1.0,2.0,2.0,1.0,5.0,0.0
14188,Extrovert,Introvert,0.9328892,11.0,1.0,2.0,2.0,1.0,1.0,1.0
14205,Introvert,Extrovert,0.971891,1.0,0.0,8.0,5.0,0.0,14.0,6.0
14256,Extrovert,Introvert,0.9590871,10.0,1.0,0.0,2.0,1.0,3.0,2.0
14287,Introvert,Extrovert,0.7620809,0.0005153836158569,1.0,2.0,2.0,1.0,3.0,2.0
14296,Extrovert,Introvert,0.9052423,5.0,1.0,2.0,0.0,1.0,0.0,1.0
14378,Introvert,Extrovert,0.97459954,0.0,0.0,5.0,4.0,0.0,14.0,6.0
14415,Extrovert,Introvert,0.90465754,7.0,1.0,3.0,2.0,1.0,0.0006027651164913,2.0
14503,Introvert,Extrovert,0.96261936,0.0,0.0,5.0,0.0010514625661016,0.0,14.0,7.0
14530,Extrovert,Introvert,0.86969,6.0,1.0,0.0,1.0,1.0,4.0,3.0
14600,Introvert,Extrovert,0.624637,0.0005901258293306,1.0,1.0,3.0,1.0,4.0,0.0
14634,Extrovert,Introvert,0.5324799,2.0,1.0,3.0,0.0,1.0,4.0,2.0
14729,Extrovert,Introvert,0.9336978,9.0,1.0,3.0,2.0,1.0,2.0,0.0
14753,Introvert,Extrovert,0.52326846,3.0,0.0,3.0,4.0,0.0,3.0,0.0
14795,Introvert,Extrovert,0.97858673,0.0,0.0,8.0,4.0,0.0,14.0,6.0
14813,Extrovert,Introvert,0.8998748,9.0,1.0,0.0,0.0,1.0,4.0,2.0
14837,Extrovert,Introvert,0.9218957,8.0,1.0,2.0,1.0,1.0,2.0,2.0
14847,Introvert,Extrovert,0.9666184,2.0,0.0,9.0,6.0,0.0,15.0,7.0
14883,Extrovert,Introvert,0.88960844,5.0,1.0,3.0,3.0,1.0,0.0,1.0
14898,Extrovert,Introvert,0.94304025,5.0,1.0,0.0,1.0,1.0,4.0,-0.0002535140120016
14950,Introvert,Extrovert,0.60422754,0.000738628959516,1.0,3.0,2.0,1.0,3.0,1.0
14954,Extrovert,Introvert,0.90372115,10.0,1.0,3.0,2.0,1.0,2.0,3.0
14983,Introvert,Extrovert,0.55236137,0.0014106652582995,1.0,2.0,0.0001476143414038,1.0,4.0,1.0
14989,Introvert,Extrovert,0.5101541,0.0005901258293306,1.0,1.0,2.0,1.0,4.0,1.0
15072,Introvert,Extrovert,0.9962702,2.0,0.0,8.0,0.0009058570081833,0.0,8.0,6.0
15115,Introvert,Extrovert,0.95052564,3.0,0.0,8.0,7.0,0.0,6.0,4.0
15119,Introvert,Extrovert,0.90886927,2.0,0.0,8.0,7.0,0.0,7.0,10.0
15129,Extrovert,Introvert,0.7776939,0.0007869499735534,1.0,3.0,1.0,1.0,3.0,2.0
15131,Extrovert,Introvert,0.6370076,11.0,1.0,1.0,3.0,1.0,4.0,2.0
15135,Introvert,Extrovert,0.82508254,0.0008540719456505,1.0,3.0,2.0,1.0,5.0,3.0
15149,Introvert,Extrovert,0.98080105,0.0,0.0,4.0,6.0,0.0,7.0,5.0
15201,Introvert,Extrovert,0.5016442,0.0007738710148259,1.0,1.0,2.0,1.0,3.0,0.0
15228,Extrovert,Introvert,0.90270567,4.0,1.0,0.0,0.0,1.0,5.0,2.0
15247,Introvert,Extrovert,0.8794438,0.0017921676801051,1.0,4.0,0.0,1.0,5.0,2.0
15255,Introvert,Extrovert,0.89734995,1.0,0.0,8.0,6.0,0.0,10.0,10.0
15346,Extrovert,Introvert,0.6278953,1.0,0.0,8.0,7.0,0.0,0.0404184612911194,7.0
15355,Extrovert,Introvert,0.9103147,6.0,1.0,0.0,3.0,1.0,4.0,1.0
15370,Introvert,Extrovert,0.9611568,0.0001099148103094,0.0,6.0,7.0,0.0,12.0,7.0
15395,Introvert,Extrovert,0.71999115,4.0,0.0,7.0,7.0,0.0,4.0,7.0
15443,Extrovert,Introvert,0.96681476,4.0,1.0,0.0,2.0,1.0,3.0,0.0
15454,Introvert,Extrovert,0.93611926,0.0,0.0,0.000560166768264,7.0,0.0,14.0,7.0
15484,Extrovert,Introvert,0.743571,10.0,0.0,3.0,0.0,1.0,0.1217067074030637,3.0
15493,Extrovert,Introvert,0.87414193,7.0,1.0,0.0,1.0,1.0,5.0,2.0
15504,Introvert,Extrovert,0.9708239,4.0,0.0,3.0,7.0,0.0,13.0,8.0
15536,Introvert,Extrovert,0.7708243,0.0011403197189792,1.0,2.0,0.0,1.0,4.0,5.0
15537,Extrovert,Introvert,0.93803144,9.0,1.0,5.0,3.0,1.0,5.0,3.0
15540,Extrovert,Introvert,0.98617804,7.0,1.0,3.0,0.0,1.0,0.0005458432919112,0.0
15568,Extrovert,Introvert,0.9879004,7.0,1.0,1.0,1.0,1.0,0.0,0.0017876834841445
15589,Introvert,Extrovert,0.9379214,2.0,0.0,5.0,5.0,0.0,15.0,9.0
15648,Extrovert,Introvert,0.7802576,11.0,1.0,1.0,3.0,1.0,2.0,2.0
15678,Introvert,Extrovert,0.9837498,1.0,0.0,6.0,5.0,0.0,5.0,9.0
15683,Introvert,Extrovert,0.95998126,0.0,0.0,6.0,6.0,0.0,13.0,7.0
15709,Extrovert,Introvert,0.9575016,10.0,1.0,0.0004490642080781,1.0,1.0,2.0,1.0
15743,Introvert,Extrovert,0.9766414,2.0,0.0,6.0,7.0,0.0,5.0,5.0
15908,Extrovert,Introvert,0.9400162,10.0,1.0,1.0,0.0001476143414038,1.0,1.0,2.0
15960,Introvert,Extrovert,0.88655496,4.0,0.0,9.0,6.0,0.0,10.0,7.0
15972,Introvert,Extrovert,0.9251528,1.0,0.0,6.0,4.0,0.0,15.0,0.019545671303058
16074,Introvert,Extrovert,0.52932143,0.0005901258293306,1.0,1.0,2.0,1.0,4.0,0.0009612717491108
16136,Extrovert,Introvert,0.735272,6.0,0.0,9.0,6.0,0.0,9.0,0.1804350703954696
16145,Introvert,Extrovert,0.97120136,2.0,0.0,6.0,7.0,0.0,11.0,9.0
16165,Extrovert,Introvert,0.85602504,11.0,1.0,2.0,1.0,1.0,4.0,3.0
16188,Introvert,Extrovert,0.97299886,3.0,0.0,5.0,7.0,0.0,5.0,8.0
16204,Extrovert,Introvert,0.90367705,4.0,1.0,3.0,2.0,1.0,0.0005685581156285,1.0
16206,Introvert,Extrovert,0.6960522,0.0010718585224822,1.0,3.0,2.0,1.0,4.0,0.0
16244,Introvert,Extrovert,0.9829735,3.0,0.0,6.0,5.0,0.0,12.0,3.0
16275,Introvert,Extrovert,0.9811276,0.0,0.0,5.0,4.0,0.0,15.0,4.0
16371,Introvert,Extrovert,0.97968805,3.0,0.0,5.0,7.0,0.0,6.0,7.0
16393,Introvert,Extrovert,0.61832535,0.000738628959516,1.0,3.0,3.0,1.0,3.0,3.0
16400,Introvert,Extrovert,0.99329484,0.0001099148103094,0.0,8.0,0.0007708196193561,0.0,12.0,9.0
16434,Extrovert,Introvert,0.9489729,4.0,1.0,1.0,1.0,1.0,5.0,2.0
16473,Extrovert,Introvert,0.85157186,4.0,1.0,0.0,2.0,1.0,2.0,3.0
16567,Introvert,Extrovert,0.96751237,0.0,0.0,9.0,6.0,0.0,13.0,9.0
16638,Introvert,Extrovert,0.91386896,0.0,0.0,9.0,7.0,0.0,13.0,5.0
16643,Extrovert,Introvert,0.93024904,8.0,1.0,3.0,2.0,1.0,4.0,0.0
16655,Introvert,Extrovert,0.8709319,3.0,0.0,0.0657704697921872,5.0,0.0,11.0,10.0
16703,Introvert,Extrovert,0.9456989,0.0,0.0,5.0,3.0,0.0,10.0,10.0
16756,Extrovert,Introvert,0.5628155,1.0,0.0,7.0,7.0,0.0,0.0541646461933851,7.0
16783,Introvert,Extrovert,0.9434376,3.0,0.0,6.0,3.0,0.0,15.0,9.0
16801,Introvert,Extrovert,0.9580035,0.0,0.0,10.0,5.0,0.0,9.0,9.0
16847,Introvert,Extrovert,0.9417131,0.0,0.0,9.0,5.0,0.0,12.0,3.0
16848,Introvert,Extrovert,0.91181594,1.0,0.0,0.0770720303058624,4.0,0.0,9.0,3.0
16854,Introvert,Extrovert,0.97165316,1.0,0.0,7.0,5.0,0.0,8.0,7.0
16917,Extrovert,Introvert,0.666143,3.0,1.0,2.0,0.0,1.0,5.0,0.0
16953,Introvert,Extrovert,0.96501845,1.0,0.0,9.0,7.0,0.0,12.0,8.0
16976,Introvert,Extrovert,0.9908915,1.0,0.0,6.0,4.0,0.0,13.0,5.0
17013,Extrovert,Introvert,0.95466155,10.0,1.0,3.0,0.0001476143414038,1.0,5.0,1.0
17091,Introvert,Extrovert,0.9892455,3.0,0.0,4.0,3.0,0.0,8.0,7.0
17116,Introvert,Extrovert,0.74801785,6.0,0.0,4.0,6.0,0.0,8.0,7.0
17141,Extrovert,Introvert,0.7907758,6.0,1.0,0.0,2.0,1.0,2.0,2.0
17143,Extrovert,Introvert,0.9132778,10.0,1.0,2.0,0.0,1.0,5.0,2.0
17151,Extrovert,Introvert,0.53550535,3.0,0.0,7.0,7.0,0.0,0.069939381070435,7.0
17176,Introvert,Extrovert,0.56771904,0.0006308265874395,1.0,2.0,0.0,1.0,5.0,1.0
17287,Introvert,Extrovert,0.96352327,1.0,0.0,8.0,0.0012815171445254,0.0,5.0,8.0
17369,Introvert,Extrovert,0.9817517,0.0,0.0,6.0,5.0,0.0,8.0,8.0
17386,Extrovert,Introvert,0.957402,9.0,1.0,1.0,2.0,1.0,0.0,6.0
17454,Extrovert,Introvert,0.8915247,5.0,1.0,0.0,3.0,1.0,4.0,2.0
17483,Introvert,Extrovert,0.96560663,3.0,0.0,7.0,7.0,0.0,15.0,0.0292512483894825
17621,Introvert,Extrovert,0.82331336,4.0,0.0,7.0,7.0,0.0,15.0,4.0
17641,Extrovert,Introvert,0.9409729,9.0,1.0,3.0,1.0,1.0,5.0,2.0
17678,Extrovert,Introvert,0.9685496,10.0,1.0,2.0,3.0,1.0,0.0,2.0
17733,Extrovert,Introvert,0.7545447,7.0,1.0,2.0,1.0,1.0,7.0,2.0
17734,Introvert,Extrovert,0.9636124,0.0,0.0,9.0,4.0,0.0,9.0,6.0
17750,Extrovert,Introvert,0.9129421,9.0,1.0,1.0,1.0,1.0,5.0,3.0
17793,Introvert,Extrovert,0.9698719,0.0001099148103094,0.0,5.0,3.0,0.0,15.0,8.0
17816,Introvert,Extrovert,0.9591319,2.0,0.0,7.0,7.0,0.0,5.0,9.0
17820,Introvert,Extrovert,0.55236137,0.0005901258293306,1.0,2.0,0.0,1.0,4.0,1.0
17930,Extrovert,Introvert,0.8342192,11.0,1.0,0.0,0.0,1.0,3.0,0.0
17989,Introvert,Extrovert,0.9842549,3.0,0.0,6.0,6.0,0.0,12.0,8.0
17992,Introvert,Extrovert,0.9862837,0.0001099148103094,0.0,7.0,4.0,0.0,11.0,3.0
18018,Extrovert,Introvert,0.6368662,6.0,1.0,0.0,2.0,1.0,0.0,2.0
18046,Introvert,Extrovert,0.74846685,0.0018923979019746,1.0,3.0,9.533241754979826e-05,1.0,4.0,2.0
18063,Introvert,Extrovert,0.83836865,0.0008133711875416,1.0,3.0,2.0,1.0,4.0,2.0
18148,Extrovert,Introvert,0.88898194,6.0,1.0,1.0,3.0,1.0,3.0,3.0
18214,Introvert,Extrovert,0.5716464,0.0007868951215641,1.0,0.0,3.0,1.0,4.0,3.0
18276,Introvert,Extrovert,0.93988216,0.0,0.0,9.0,5.0,0.0,10.0,9.0
18282,Extrovert,Introvert,0.61364454,9.0,1.0,2.0,0.0,1.0,8.0,0.0
18312,Introvert,Extrovert,0.9500584,0.0,0.0,5.0,6.0,0.0,15.0,9.0
18317,Extrovert,Introvert,0.9076152,11.0,1.0,0.0,0.0,1.0,2.0,0.0
18337,Extrovert,Introvert,0.95306396,5.0,1.0,3.0,0.0001476143414038,1.0,4.0,2.0
18377,Extrovert,Introvert,0.7297648,5.0,1.0,2.0,0.0,1.0,7.0,1.0
18399,Extrovert,Introvert,0.5876044,1.0,0.0,0.0762701567262411,4.0,0.0,0.1333809904754161,3.0
18437,Extrovert,Introvert,0.92056966,11.0,1.0,0.0,2.0,1.0,0.0,3.0
18443,Introvert,Extrovert,0.98642737,0.0001099148103094,0.0,7.0,4.0,0.0,9.0,4.0
18486,Introvert,Extrovert,0.97580844,3.0,0.0,5.0,3.0,0.0,6.0,8.0
